x,y,z
-1.04501,79.4068,-19.4742
-1.00782,80.4637,-19.7186
-0.985837,80.9853,-19.833
-0.923619,82.1463,-20.0726
-0.880208,82.6642,-20.1744
-0.782693,83.6875,-20.362
-0.728164,84.1933,-20.448
-0.590525,85.3177,-20.6232
-0.522269,85.8115,-20.6932
-0.371608,86.7874,-20.8204
-0.288835,87.2694,-20.878
-0.0822445,88.3408,-20.9952
0.0236522,88.819,-21.0449
0.251698,89.7614,-21.1339
0.373807,90.2256,-21.1734
0.667843,91.2534,-21.2501
0.806832,91.7028,-21.2789
1.09942,92.5881,-21.3268
1.25264,93.0242,-21.3457
1.61526,93.9928,-21.3764
1.78989,94.4274,-21.386
2.15248,95.2838,-21.3955
2.34041,95.7058,-21.3954
2.77947,96.6404,-21.3843
2.98185,97.0492,-21.3746
3.40001,97.8543,-21.3473
3.61554,98.2508,-21.3297
4.11557,99.1281,-21.2798
4.34889,99.5193,-21.2545
4.82786,100.289,-21.1958
5.07347,100.669,-21.1626
5.6409,101.507,-21.0791
5.89962,101.873,-21.0383
6.42893,102.593,-20.95
6.69946,102.947,-20.9028
7.32356,103.73,-20.7894
7.61132,104.075,-20.7363
8.19757,104.753,-20.6251
8.49601,105.086,-20.5671
9.18024,105.821,-20.4315
9.48996,106.142,-20.3691
10.1196,106.771,-20.2409
10.4395,107.08,-20.1752
11.1729,107.761,-20.0233
11.5093,108.06,-19.9529
12.1903,108.645,-19.8104
12.5352,108.932,-19.7385
13.3212,109.565,-19.5754
13.6751,109.84,-19.5025
14.3909,110.381,-19.3561
14.7527,110.646,-19.2827
15.5775,111.231,-19.1167
15.9524,111.485,-19.0406
16.7084,111.984,-18.8896
17.0896,112.228,-18.8146
17.9548,112.767,-18.6477
18.3426,113.002,-18.5744
19.124,113.464,-18.4296
19.5176,113.69,-18.3581
20.4109,114.189,-18.1986
20.8145,114.403,-18.1259
21.6259,114.825,-17.9832
22.0337,115.033,-17.9132
22.9561,115.491,-17.759
23.3682,115.691,-17.6921
24.1963,116.085,-17.5609
25.0294,116.47,-17.4331
25.5526,116.708,-17.3548
26.3969,117.073,-17.226
26.8205,117.253,-17.1632
27.6707,117.608,-17.0408
28.2039,117.828,-16.9661
29.06,118.174,-16.8499
29.4893,118.345,-16.7932
30.3502,118.682,-16.6823
30.8904,118.89,-16.6142
31.7601,119.21,-16.5039
32.1958,119.369,-16.4503
33.0688,119.683,-16.3456
33.6156,119.878,-16.2819
34.4921,120.186,-16.1827
34.9311,120.339,-16.1343
35.8106,120.643,-16.0396
36.3614,120.829,-15.9813
37.2447,121.117,-15.8868
37.6869,121.261,-15.8406
38.5725,121.546,-15.7502
39.1266,121.723,-15.6951
40.0145,122.004,-15.6088
40.459,122.145,-15.5666
41.3491,122.424,-15.4836
41.906,122.598,-15.4329
42.7937,122.864,-15.3507
43.2382,122.996,-15.3104
43.6832,123.129,-15.2708
44.6858,123.427,-15.1832
45.1321,123.559,-15.1448
45.1321,123.559,-15.1448
45.1321,123.559,-15.1448
46.0258,123.823,-15.0689
46.4732,123.955,-15.0314
47.4815,124.25,-14.9481
47.9306,124.378,-14.9111
48.8298,124.635,-14.838
49.2797,124.764,-14.8019
50.2932,125.053,-14.7219
50.7441,125.181,-14.6869
50.7441,125.181,-14.6869
50.7441,125.181,-14.6869
51.6467,125.437,-14.6176
52.5507,125.693,-14.5496
53.1156,125.853,-14.5078
53.5653,125.978,-14.4749
54.466,126.228,-14.4097
55.3682,126.479,-14.3452
55.9328,126.635,-14.3052
56.385,126.761,-14.2735
57.2904,127.012,-14.2108
58.1972,127.262,-14.1489
58.7648,127.419,-14.1107
59.6644,127.667,-14.0516
60.1151,127.791,-14.0223
61.0182,128.039,-13.964
61.5836,128.194,-13.9279
62.4899,128.443,-13.8706
62.9438,128.567,-13.8421
63.853,128.816,-13.7855
64.4216,128.971,-13.7506
65.3298,129.219,-13.697
65.7844,129.343,-13.6703
66.6947,129.591,-13.6171
67.2645,129.746,-13.5841
68.1772,129.994,-13.5317
68.6341,130.118,-13.5058
69.549,130.366,-13.4546
70.1206,130.522,-13.4231
71.0314,130.771,-13.3746
71.4875,130.896,-13.3504
72.401,131.145,-13.3019
72.9728,131.3,-13.2717
73.8889,131.549,-13.2238
74.4623,131.704,-13.194
75.2661,131.922,-13.1526
75.8398,132.077,-13.1236
76.7528,132.327,-13.0789
77.21,132.452,-13.0568
78.1258,132.7,-13.013
78.699,132.856,-12.9858
79.6175,133.104,-12.9427
80.0773,133.228,-12.9213
80.9981,133.476,-12.8788
81.5736,133.631,-12.8531
82.4912,133.882,-12.8154
82.9506,134.006,-12.7966
83.8706,134.256,-12.7588
84.4464,134.411,-12.7351
85.3687,134.66,-12.6974
85.8304,134.784,-12.6786
86.7549,135.033,-12.6412
87.3325,135.188,-12.6183
88.2518,135.438,-12.5843
88.7122,135.562,-12.5673
89.6338,135.807,-12.5332
90.21,135.957,-12.5121
91.1319,136.189,-12.4797
91.5926,136.301,-12.4643
92.5137,136.515,-12.4356
93.0889,136.643,-12.4198
94.0081,136.84,-12.4002
94.4676,136.931,-12.3913
95.3875,137.096,-12.3752
95.9632,137.186,-12.3659
96.8861,137.309,-12.3519
97.3486,137.36,-12.3454
98.2753,137.44,-12.3329
98.8548,137.478,-12.3261
99.7788,137.527,-12.3185
100.241,137.539,-12.3147
101.167,137.534,-12.3073
101.744,137.513,-12.3027
102.668,137.451,-12.2957
103.128,137.405,-12.2924
104.046,137.289,-12.2861
104.618,137.201,-12.2827
105.526,137.049,-12.2799
105.978,136.96,-12.2781
106.875,136.753,-12.2741
107.433,136.606,-12.2711
108.317,136.342,-12.2655
108.755,136.198,-12.2622
109.624,135.884,-12.2546
110.162,135.671,-12.249
111.014,135.327,-12.242
111.436,135.142,-12.2377
112.269,134.748,-12.2276
112.782,134.485,-12.2202
113.592,134.04,-12.2065
113.991,133.806,-12.1988
114.778,133.317,-12.1815
115.261,132.997,-12.1696
116.027,132.476,-12.1534
116.403,132.205,-12.1443
117.142,131.642,-12.1243
117.594,131.277,-12.1107
118.302,130.672,-12.0872
118.649,130.36,-12.0747
119.329,129.719,-12.0484
119.744,129.307,-12.0315
120.396,128.629,-12.0047
120.714,128.283,-11.9906
121.334,127.574,-11.9612
121.712,127.121,-11.942
122.299,126.382,-11.9102
122.655,125.91,-11.8897
123.139,125.239,-11.8606
123.475,124.752,-11.8394
124.003,123.96,-11.806
124.258,123.559,-11.789
124.753,122.745,-11.7543
125.051,122.229,-11.7325
125.51,121.393,-11.6975
125.732,120.97,-11.6798
126.16,120.115,-11.6443
126.418,119.574,-11.6221
126.815,118.694,-11.5873
127.006,118.25,-11.5698
127.372,117.356,-11.5347
127.591,116.793,-11.5129
127.925,115.886,-11.478
128.084,115.43,-11.4607
128.389,114.512,-11.4264
128.57,113.934,-11.4053
128.845,112.995,-11.3734
128.976,112.524,-11.3576
129.224,111.579,-11.3262
129.371,110.986,-11.3069
129.591,110.035,-11.2763
129.694,109.558,-11.2613
129.89,108.601,-11.232
130.003,108,-11.214
130.169,107.032,-11.1856
130.246,106.547,-11.1716
130.39,105.576,-11.1443
130.473,104.969,-11.1275
130.595,103.996,-11.1017
130.65,103.509,-11.0892
130.752,102.534,-11.0649
130.809,101.923,-11.0504
130.888,100.936,-11.0285
130.923,100.443,-11.0177
130.985,99.4575,-10.9965
131.018,98.8419,-10.9839
131.063,97.8572,-10.9643
131.082,97.3651,-10.9549
131.113,96.3811,-10.9368
131.126,95.7652,-10.926
131.138,94.7736,-10.9092
131.141,94.2784,-10.9011
131.14,93.2892,-10.8855
131.136,92.6716,-10.8764
131.124,91.6845,-10.8625
131.115,91.1913,-10.8559
131.093,90.2056,-10.8436
131.075,89.589,-10.8366
131.039,88.5981,-10.8282
131.02,88.1033,-10.8243
130.976,87.1149,-10.8166
130.946,86.4979,-10.812
130.894,85.5119,-10.8049
130.867,85.0194,-10.8014
130.808,84.0352,-10.7951
130.769,83.42,-10.7917
130.7,82.4336,-10.7891
130.656,81.8179,-10.7874
130.591,80.9568,-10.785
130.544,80.3423,-10.7832
130.466,79.36,-10.78
130.426,78.8692,-10.7783
130.345,77.8884,-10.7751
130.292,77.2754,-10.7738
130.201,76.2935,-10.7754
130.155,75.803,-10.776
130.063,74.8228,-10.7767
130.005,74.2106,-10.7769
129.91,73.2317,-10.7768
129.863,72.7426,-10.7766
129.767,71.7647,-10.7759
129.706,71.1532,-10.7757
129.604,70.1723,-10.7769
129.553,69.6823,-10.7773
129.451,68.7031,-10.7777
129.387,68.0915,-10.7778
129.286,67.1135,-10.7776
129.235,66.6247,-10.7774
129.134,65.6476,-10.7766
129.07,65.0366,-10.7761
128.963,64.0562,-10.7761
128.91,63.5664,-10.7759
128.805,62.5875,-10.7754
128.74,61.976,-10.775
128.637,60.9981,-10.774
128.585,60.5093,-10.7735
128.484,59.5319,-10.7721
128.42,58.9211,-10.7711
128.317,57.9444,-10.7714
128.265,57.456,-10.7713
128.164,56.4795,-10.7708
128.101,55.8691,-10.7703
128.001,54.8926,-10.769
127.952,54.4042,-10.7683
127.855,53.4275,-10.7667
127.794,52.8169,-10.7661
127.696,51.8389,-10.7674
127.648,51.35,-10.7677
127.553,50.3722,-10.7676
127.494,49.7611,-10.7673
127.402,48.7835,-10.7664
127.356,48.2946,-10.7659
127.265,47.3168,-10.7646
127.209,46.7054,-10.7642
127.12,45.7254,-10.7657
127.076,45.2356,-10.7663
126.989,44.2561,-10.767
126.936,43.644,-10.7673
126.851,42.6647,-10.7671
126.809,42.1751,-10.7668
126.727,41.1958,-10.7659
126.676,40.5834,-10.7656
126.598,39.6018,-10.767
126.56,39.1111,-10.7674
126.483,38.1301,-10.7676
126.436,37.5171,-10.7674
126.362,36.5363,-10.7669
126.325,36.046,-10.7665
126.253,35.0654,-10.7654
126.208,34.4524,-10.7648
126.138,33.471,-10.7651
126.103,32.9805,-10.7649
126.034,31.9995,-10.7643
125.992,31.3865,-10.7637
125.925,30.4056,-10.7626
125.892,29.9152,-10.7621
125.827,28.9344,-10.7608
125.788,28.3214,-10.7602
125.726,27.3409,-10.7606
125.695,26.8507,-10.7606
125.635,25.8702,-10.7603
125.597,25.2575,-10.76
125.539,24.2771,-10.7595
125.51,23.7869,-10.7592
125.453,22.8065,-10.7584
125.418,22.1937,-10.758
125.365,21.2159,-10.7597
125.339,20.7268,-10.7603
125.287,19.7482,-10.7615
125.255,19.1364,-10.7619
125.204,18.1573,-10.762
125.179,17.6676,-10.762
125.13,16.688,-10.7617
125.1,16.0754,-10.7612
125.056,15.0944,-10.7603
125.034,14.6039,-10.7596
124.991,13.6227,-10.758
124.964,13.0094,-10.7569
124.921,12.028,-10.7547
124.9,11.5372,-10.7534
124.858,10.5555,-10.7508
124.832,9.9418,-10.7491
124.797,8.95898,-10.7458
124.78,8.46763,-10.7442
124.745,7.48502,-10.7413
124.723,6.87098,-10.7397
124.688,5.88859,-10.7372
124.67,5.3974,-10.7361
124.635,4.415,-10.7341
124.614,3.80097,-10.7329
124.585,2.81854,-10.733
124.57,2.32734,-10.7329
124.541,1.34487,-10.7328
124.522,0.730852,-10.7326
124.492,-0.251465,-10.7324
124.477,-0.742642,-10.7323
124.447,-1.72509,-10.7322
124.428,-2.33916,-10.7321
124.403,-3.31947,-10.7326
124.39,-3.80975,-10.7328
124.364,-4.79059,-10.7326
124.347,-5.40376,-10.7323
124.32,-6.38518,-10.7314
124.307,-6.87601,-10.7308
124.28,-7.85779,-10.7295
124.263,-8.47215,-10.7283
124.24,-9.45891,-10.7256
124.229,-9.95199,-10.7243
124.205,-10.9376,-10.7222
124.19,-11.5534,-10.7208
124.165,-12.5383,-10.7188
124.153,-13.0307,-10.7178
124.128,-14.0152,-10.7159
124.112,-14.6304,-10.7147
124.09,-15.6148,-10.713
124.079,-16.1069,-10.7122
124.056,-17.0908,-10.7105
124.041,-17.7056,-10.7096
124.017,-18.6892,-10.7081
124.005,-19.1809,-10.7074
123.981,-20.1643,-10.706
123.967,-20.7797,-10.7051
123.946,-21.7691,-10.7024
123.936,-22.2634,-10.7012
123.914,-23.2511,-10.6991
123.9,-23.868,-10.698
123.878,-24.8543,-10.6964
123.867,-25.3472,-10.6956
123.844,-26.3327,-10.6943
123.83,-26.9492,-10.6933
123.811,-27.9393,-10.6911
123.801,-28.4339,-10.6901
123.78,-29.4224,-10.6884
123.767,-30.0398,-10.6876
123.746,-31.0272,-10.6865
123.735,-31.5206,-10.6859
123.713,-32.5072,-10.685
123.699,-33.1236,-10.6846
123.68,-34.1115,-10.6821
123.67,-34.6052,-10.6811
123.65,-35.5922,-10.6795
123.637,-36.2088,-10.6787
123.617,-37.1951,-10.6778
123.606,-37.6881,-10.6774
123.584,-38.6739,-10.6766
123.571,-39.2898,-10.6761
123.549,-40.2767,-10.6737
123.538,-40.7699,-10.6727
123.516,-41.7559,-10.6711
123.502,-42.372,-10.6703
123.479,-43.3575,-10.6693
123.468,-43.8502,-10.6689
123.445,-44.8356,-10.6682
123.431,-45.4519,-10.6675
123.409,-46.4406,-10.6644
123.399,-46.9347,-10.6631
123.377,-47.9223,-10.6609
123.363,-48.5392,-10.6598
123.341,-49.5258,-10.6584
123.33,-50.019,-10.6578
123.307,-51.0051,-10.6569
123.293,-51.6213,-10.6564
123.27,-52.6113,-10.6526
123.259,-53.1059,-10.651
123.236,-54.0945,-10.6482
123.222,-54.7121,-10.6464
123.199,-55.7,-10.6438
123.187,-56.1938,-10.6427
123.164,-57.1812,-10.6408
123.149,-57.799,-10.6394
123.125,-58.7922,-10.6351
123.113,-59.2882,-10.6333
123.089,-60.2794,-10.6303
123.074,-60.8984,-10.6289
123.05,-61.888,-10.6271
123.039,-62.3826,-10.6264
123.015,-63.3712,-10.6255
123,-63.9894,-10.6248
122.976,-64.9813,-10.6219
122.964,-65.4768,-10.6206
122.94,-66.4671,-10.6188
122.925,-67.0857,-10.6181
122.901,-68.0747,-10.6171
122.889,-68.5689,-10.6169
122.865,-69.5572,-10.6166
122.85,-70.1752,-10.6162
122.826,-71.1665,-10.6134
122.814,-71.6617,-10.6124
122.79,-72.6515,-10.6109
122.775,-73.2697,-10.6101
122.751,-74.2584,-10.6093
122.727,-75.2466,-10.609
122.715,-75.7406,-10.609
122.686,-76.8535,-10.6068
122.672,-77.3485,-10.6052
122.643,-78.3366,-10.6029
122.626,-78.8295,-10.6023
122.583,-79.9347,-10.6026
122.561,-80.4238,-10.6038
122.507,-81.3983,-10.608
122.476,-81.8837,-10.611
122.397,-82.9739,-10.6175
122.357,-83.4576,-10.6203
122.263,-84.4215,-10.6275
122.209,-84.9017,-10.6319
122.068,-85.9779,-10.6436
121.996,-86.4542,-10.6495
121.835,-87.4034,-10.6622
121.746,-87.8759,-10.669
121.529,-88.9363,-10.6817
121.425,-89.4055,-10.687
121.196,-90.3383,-10.6988
121.072,-90.8016,-10.7051
120.768,-91.8361,-10.7204
120.622,-92.2923,-10.7275
120.312,-93.1975,-10.742
120.147,-93.6464,-10.7494
119.758,-94.6497,-10.763
119.577,-95.092,-10.7679
119.196,-95.9679,-10.7779
118.995,-96.4013,-10.7829
118.52,-97.3649,-10.7937
118.299,-97.7873,-10.7981
117.834,-98.6196,-10.806
117.59,-99.0289,-10.8094
117.02,-99.9361,-10.8127
116.755,-100.331,-10.813
116.198,-101.102,-10.8141
115.906,-101.477,-10.8151
115.218,-102.291,-10.819
114.897,-102.64,-10.8216
114.232,-103.311,-10.8284
113.887,-103.634,-10.8325
113.09,-104.336,-10.8392
112.726,-104.636,-10.8418
111.975,-105.205,-10.8493
111.59,-105.474,-10.8538
110.698,-106.043,-10.8653
110.293,-106.278,-10.8707
109.464,-106.717,-10.882
109.042,-106.921,-10.8878
108.076,-107.349,-10.8973
107.64,-107.527,-10.8998
106.757,-107.847,-10.9059
106.309,-107.989,-10.9094
105.292,-108.265,-10.918
104.835,-108.368,-10.922
103.914,-108.54,-10.9302
103.451,-108.608,-10.9343
102.401,-108.728,-10.9378
101.931,-108.764,-10.9376
100.991,-108.802,-10.9378
100.52,-108.804,-10.9379
99.4637,-108.764,-10.9383
98.9954,-108.728,-10.9385
98.0626,-108.622,-10.9384
97.5985,-108.552,-10.9382
96.5539,-108.363,-10.9323
96.0909,-108.263,-10.928
95.1737,-108.03,-10.9198
94.7198,-107.898,-10.9158
93.7114,-107.562,-10.9067
93.2693,-107.396,-10.9026
92.3971,-107.034,-10.8939
91.9674,-106.839,-10.8894
91.0111,-106.371,-10.8744
90.5907,-106.152,-10.8654
89.7657,-105.685,-10.848
89.3613,-105.438,-10.8396
88.4717,-104.849,-10.8207
88.0857,-104.573,-10.8122
87.3315,-103.998,-10.7952
86.9633,-103.699,-10.7866
86.1514,-102.997,-10.762
85.7988,-102.673,-10.7495
85.1137,-102.005,-10.7254
84.7813,-101.66,-10.7135
84.058,-100.862,-10.6869
83.7475,-100.497,-10.6751
83.1472,-99.7503,-10.6516
82.8572,-99.3684,-10.6397
82.2229,-98.4859,-10.6083
81.95,-98.0843,-10.593
81.4259,-97.2673,-10.5628
81.1746,-96.8521,-10.5479
80.635,-95.9028,-10.5151
80.4067,-95.4744,-10.5008
79.971,-94.6066,-10.4726
79.7635,-94.1674,-10.4588
79.3161,-93.1654,-10.4241
79.1267,-92.7146,-10.4078
78.7683,-91.8043,-10.3761
78.5994,-91.3451,-10.3606
78.2435,-90.3029,-10.3262
78.096,-89.836,-10.3113
77.82,-88.8957,-10.282
77.6914,-88.4226,-10.2676
77.421,-87.3495,-10.2323
77.3096,-86.8692,-10.2158
77.1047,-85.9044,-10.1838
77.011,-85.42,-10.1683
76.8209,-84.3257,-10.1347
76.7454,-83.8375,-10.1202
76.6103,-82.8582,-10.092
76.5506,-82.3673,-10.0783
76.4326,-81.2592,-10.046
76.3875,-80.7654,-10.0315
76.3118,-79.776,-10.0039
76.2809,-79.2806,-9.99079
76.2279,-78.1643,-9.96292
76.2114,-77.6676,-9.9512
76.1908,-76.6733,-9.92899
76.1866,-76.1758,-9.91853
76.1902,-75.0566,-9.89491
76.1972,-74.5593,-9.88437
76.2223,-73.5642,-9.86501
76.2401,-73.0664,-9.85612
76.2924,-71.9464,-9.83797
76.3208,-71.4485,-9.83069
76.3868,-70.4528,-9.81739
76.4242,-69.9551,-9.81133
76.5201,-68.8341,-9.7987
76.5675,-68.3356,-9.79352
76.6693,-67.3394,-9.78429
76.7237,-66.8416,-9.78018
76.8541,-65.7224,-9.77225
76.9154,-65.2252,-9.76935
77.0438,-64.2317,-9.76464
77.1107,-63.7352,-9.76281
77.2682,-62.6195,-9.75868
77.341,-62.1241,-9.75705
77.4909,-61.1338,-9.75491
77.568,-60.639,-9.75428
77.7461,-59.5262,-9.75424
77.8274,-59.032,-9.75494
77.9932,-58.0439,-9.75765
78.0778,-57.5502,-9.75953
78.2717,-56.4414,-9.76414
78.3595,-55.9494,-9.7664
78.5373,-54.9656,-9.77176
78.6271,-54.4739,-9.77481
78.8317,-53.368,-9.78256
78.9236,-52.8766,-9.78631
79.1088,-51.894,-9.7942
79.2021,-51.4028,-9.7984
79.4128,-50.2998,-9.80608
79.5069,-49.8103,-9.80905
79.6958,-48.8312,-9.81559
79.7906,-48.3417,-9.81927
80.0047,-47.2402,-9.82844
80.1,-46.7507,-9.83289
80.2909,-45.7714,-9.84207
80.3864,-45.2818,-9.84695
80.6017,-44.1832,-9.85683
80.6975,-43.6963,-9.86063
80.889,-42.7218,-9.86861
80.9845,-42.2341,-9.87272
81.1989,-41.1361,-9.88222
81.2939,-40.6478,-9.8866
81.4833,-39.6704,-9.8955
81.5776,-39.1814,-9.89993
81.7893,-38.0816,-9.90723
81.8831,-37.593,-9.90978
82.0695,-36.6152,-9.91536
82.1622,-36.126,-9.91832
82.3691,-35.0246,-9.92543
82.4604,-34.5349,-9.92872
82.6416,-33.5547,-9.93511
82.7315,-33.0644,-9.93835
82.9302,-31.9623,-9.94415
83.0172,-31.4728,-9.94634
83.1899,-30.4931,-9.95112
83.2756,-30.0029,-9.95373
83.4667,-28.8993,-9.96013
83.5509,-28.4086,-9.96318
83.7179,-27.4267,-9.96952
83.8006,-26.9356,-9.97273
83.9833,-25.8326,-9.9787
84.063,-25.3435,-9.98062
84.2209,-24.3643,-9.98487
84.2992,-23.8742,-9.98721
84.4735,-22.7705,-9.99258
84.5501,-22.2795,-9.99489
84.7018,-21.2967,-9.9994
84.7956,-20.682,-10.0024
84.9418,-19.6975,-10.006
85.0137,-19.205,-10.0075
85.156,-18.2195,-10.0106
85.2264,-17.7266,-10.0122
85.383,-16.617,-10.0163
85.4518,-16.1236,-10.0183
85.5876,-15.1365,-10.0227
85.6547,-14.6428,-10.025
85.8006,-13.531,-10.0293
85.8636,-13.0365,-10.031
85.9885,-12.0476,-10.0344
86.0503,-11.5531,-10.0361
86.1878,-10.4403,-10.0402
86.2481,-9.94573,-10.042
86.3675,-8.95645,-10.0457
86.4264,-8.46168,-10.0476
86.5538,-7.34882,-10.0514
86.6079,-6.8544,-10.0529
86.7153,-5.86535,-10.0562
86.7686,-5.37072,-10.0579
86.8873,-4.2575,-10.0618
86.9394,-3.76255,-10.0636
87.0427,-2.77239,-10.0673
87.0938,-2.27717,-10.0692
87.203,-1.16357,-10.0726
87.2497,-0.668843,-10.0739
87.3425,0.320856,-10.0767
87.3887,0.815848,-10.0782
87.4915,1.92995,-10.0816
87.5369,2.42521,-10.0831
87.6267,3.41588,-10.0864
87.6712,3.91129,-10.0881
87.7662,5.0274,-10.0904
87.8068,5.52389,-10.0909
87.8875,6.51683,-10.092
87.9277,7.01325,-10.0926
88.0173,8.13014,-10.0942
88.0568,8.62652,-10.095
88.1351,9.61927,-10.0967
88.1739,10.1156,-10.0975
88.2562,11.2333,-10.0986
88.2913,11.7303,-10.0988
88.3614,12.724,-10.0993
88.3963,13.2208,-10.0997
88.4744,14.3383,-10.1007
88.5089,14.8348,-10.1011
88.5772,15.8279,-10.1022
88.6111,16.3245,-10.1028
88.6832,17.4427,-10.1044
88.7139,17.9399,-10.1052
88.7753,18.9341,-10.1067
88.8059,19.431,-10.1073
88.8743,20.5489,-10.1087
88.9046,21.0456,-10.1093
88.9648,22.039,-10.1101
88.9947,22.5356,-10.1106
89.059,23.6539,-10.113
89.0866,24.1512,-10.1144
89.1419,25.1455,-10.117
89.1694,25.6424,-10.1181
89.2313,26.7605,-10.1202
89.2586,27.2574,-10.121
89.3132,28.251,-10.1223
89.3403,28.7478,-10.1227
89.3999,29.8672,-10.124
89.4258,30.365,-10.1248
89.4774,31.3604,-10.126
89.5031,31.8579,-10.1265
89.5606,32.9768,-10.1274
89.586,33.474,-10.1277
89.6367,34.4682,-10.1281
89.6618,34.9653,-10.1283
89.7164,36.0837,-10.1286
89.7402,36.5807,-10.1285
89.7876,37.5746,-10.1281
89.8113,38.0715,-10.1277
89.8644,39.1895,-10.1264
89.888,39.6863,-10.1258
89.9349,40.6798,-10.1243
89.9582,41.1765,-10.1236
90.0095,42.2957,-10.1232
90.0318,42.7935,-10.1234
90.0764,43.7886,-10.1235
90.0987,44.286,-10.1234
90.1485,45.4048,-10.1232
90.1706,45.9019,-10.1231
90.2147,46.8961,-10.1225
90.2368,47.3931,-10.122
90.2869,48.5124,-10.1225
90.3092,49.0101,-10.123
90.3536,50.0051,-10.1238
90.3757,50.5024,-10.124
90.4252,51.6211,-10.1239
90.447,52.1182,-10.1236
90.4906,53.1121,-10.1226
90.5123,53.6089,-10.122
90.5614,54.7292,-10.1225
90.5832,55.2278,-10.1232
90.6267,56.2243,-10.1241
90.6484,56.7223,-10.1244
90.6968,57.8423,-10.1245
90.7183,58.3398,-10.1245
90.7611,59.3346,-10.1238
90.7824,59.8318,-10.1233
90.8296,60.9519,-10.124
90.8504,61.4501,-10.1249
90.8918,62.4458,-10.1262
90.9123,62.9435,-10.1266
90.9584,64.0626,-10.1267
90.9788,64.5599,-10.1266
91.0194,65.554,-10.1262
91.0397,66.0509,-10.126
91.0854,67.1704,-10.1277
91.1058,67.6683,-10.1292
91.1463,68.6634,-10.1315
91.1916,69.7822,-10.1335
91.2117,70.2793,-10.1341
91.2518,71.2731,-10.1352
91.2717,71.7698,-10.1356
91.3169,72.8873,-10.1364
91.3381,73.3847,-10.1386
91.3799,74.3789,-10.1422
91.4007,74.8758,-10.1437
91.447,75.9931,-10.1465
91.4675,76.4894,-10.1474
91.5081,77.4818,-10.1491
91.5283,77.9778,-10.1497
91.5484,78.4738,-10.1502
91.5958,79.5891,-10.1529
91.618,80.0846,-10.1546
91.6617,81.0755,-10.157
91.6833,81.5709,-10.1579
91.7314,82.6855,-10.159
91.7526,83.1808,-10.1593
91.7944,84.1716,-10.1594
91.8152,84.667,-10.1592
91.8626,85.7866,-10.1608
91.8838,86.2855,-10.162
91.9258,87.2822,-10.1639
91.9723,88.4022,-10.1654
91.9928,88.8995,-10.1659
92.0333,89.8936,-10.1665
92.0535,90.3904,-10.1668
92.0987,91.508,-10.1678
92.1196,92.0058,-10.1698
92.1607,93.0007,-10.173
92.1811,93.4977,-10.1744
92.2264,94.6153,-10.1768
92.2464,95.1117,-10.1776
92.286,96.1038,-10.1789
92.3056,96.5996,-10.1793
92.3501,97.7154,-10.1806
92.3711,98.2135,-10.1825
92.4126,99.2087,-10.1857
92.4332,99.7058,-10.187
92.479,100.823,-10.1894
92.4991,101.32,-10.1902
92.5191,102.312,-10.1917
92.5589,102.808,-10.1922
92.6038,103.923,-10.1934
92.6252,104.421,-10.195
92.6675,105.416,-10.1976
92.6884,105.913,-10.1987
92.7348,107.031,-10.2008
92.7551,107.527,-10.2017
92.7954,108.519,-10.2031
92.8155,109.014,-10.2037
92.8601,110.129,-10.2047
92.8817,110.625,-10.2071
92.9241,111.617,-10.211
92.945,112.112,-10.2126
92.9915,113.227,-10.2156
93.0118,113.722,-10.2166
93.0522,114.712,-10.218
93.0722,115.207,-10.2183
93.1175,116.321,-10.2186
93.1395,116.82,-10.2202
93.1828,117.817,-10.2226
93.2041,118.315,-10.2235
93.2513,119.434,-10.2247
93.272,119.93,-10.2249
93.3128,120.924,-10.225
93.333,121.42,-10.2248
93.3784,122.537,-10.2245
93.3993,123.036,-10.2258
93.4406,124.033,-10.2279
93.461,124.531,-10.2287
93.5064,125.65,-10.2296
93.5264,126.147,-10.2299
93.5661,127.14,-10.2302
93.5858,127.636,-10.2303
93.6302,128.753,-10.2308
93.6507,129.252,-10.2324
93.6913,130.248,-10.2352
93.7113,130.746,-10.2365
93.756,131.864,-10.239
93.7769,132.363,-10.2414
93.8181,133.36,-10.2456
93.8384,133.858,-10.2474
93.8837,134.978,-10.2508
93.9036,135.475,-10.252
93.943,136.468,-10.2541
93.9625,136.964,-10.255
94.0061,138.079,-10.2569
94.0264,138.577,-10.259
94.0667,139.57,-10.2625
94.0865,140.066,-10.2641
94.1308,141.182,-10.2671
94.1504,141.677,-10.2684
94.1891,142.668,-10.2706
94.2084,143.163,-10.2715
94.2516,144.277,-10.2733
94.2716,144.777,-10.2743
94.3109,145.774,-10.2764
94.3304,146.272,-10.2773
94.3738,147.391,-10.279
94.393,147.888,-10.2797
94.4311,148.88,-10.281
94.45,149.376,-10.2816
94.4928,150.491,-10.2829
94.5132,150.99,-10.284
94.5534,151.987,-10.2859
94.5732,152.484,-10.2867
94.6175,153.602,-10.288
94.637,154.098,-10.2885
94.6752,155.089,-10.2892
94.6936,155.584,-10.2896
94.7316,156.697,-10.291
94.7474,157.195,-10.2923
94.7728,158.186,-10.2956
94.7819,158.679,-10.2977
94.7918,159.786,-10.3041
94.791,160.276,-10.3077
94.7785,161.252,-10.3161
94.7665,161.739,-10.3209
94.7253,162.834,-10.3335
94.7044,163.324,-10.34
94.6474,164.3,-10.3539
94.6109,164.786,-10.3614
94.509,165.876,-10.3789
94.4547,166.358,-10.387
94.3291,167.317,-10.4038
94.2577,167.794,-10.4124
94.0781,168.865,-10.4321
93.9959,169.344,-10.441
93.8124,170.296,-10.4587
93.7113,170.769,-10.4675
93.4611,171.825,-10.4867
93.3399,172.29,-10.495
93.0795,173.215,-10.511
92.9404,173.673,-10.5187
92.6071,174.699,-10.5353
92.4539,175.158,-10.5431
92.1291,176.068,-10.5574
91.9577,176.518,-10.564
91.5499,177.52,-10.5773
91.3586,177.959,-10.5824
90.9565,178.828,-10.5915
90.7452,179.256,-10.5954
90.2439,180.204,-10.6036
90.0122,180.628,-10.6075
89.5226,181.455,-10.6153
89.2644,181.858,-10.6194
88.6506,182.738,-10.6298
88.3633,183.117,-10.6351
87.7624,183.848,-10.6469
87.4492,184.202,-10.6533
86.7154,184.968,-10.6694
86.3801,185.308,-10.6767
85.6859,185.956,-10.6928
85.3274,186.265,-10.7015
84.4952,186.922,-10.7219
84.1145,187.197,-10.7312
83.3345,187.716,-10.7503
82.9356,187.959,-10.76
82.0184,188.472,-10.7821
81.6024,188.698,-10.7918
80.7561,189.113,-10.8113
80.3263,189.302,-10.8211
79.3442,189.688,-10.8428
78.9004,189.851,-10.8518
78.0034,190.139,-10.8695
77.5508,190.264,-10.8781
76.5239,190.502,-10.8965
76.0644,190.588,-10.9042
75.1413,190.724,-10.9189
74.6781,190.775,-10.9257
73.6329,190.848,-10.94
73.1639,190.872,-10.9452
72.227,190.884,-10.9549
71.7594,190.872,-10.9593
70.7106,190.803,-10.9682
70.2465,190.754,-10.9715
69.3234,190.621,-10.9772
68.8648,190.539,-10.9794
67.8391,190.315,-10.9826
67.38,190.204,-10.982
66.4716,189.949,-10.9796
66.0227,189.807,-10.9778
65.0266,189.448,-10.9726
64.5905,189.272,-10.9697
63.7309,188.892,-10.963
63.3078,188.688,-10.9592
62.3708,188.197,-10.949
61.9543,187.968,-10.9428
61.1379,187.484,-10.9298
60.7381,187.229,-10.923
59.8596,186.625,-10.9068
59.4787,186.343,-10.8991
58.7349,185.757,-10.8832
58.3721,185.452,-10.8748
57.5782,184.741,-10.8549
57.2262,184.419,-10.844
56.5426,183.752,-10.822
56.2111,183.409,-10.8107
55.4904,182.613,-10.7847
55.1812,182.25,-10.7728
54.5833,181.505,-10.7486
54.2946,181.125,-10.7363
53.6681,180.249,-10.7074
53.3955,179.85,-10.6921
52.8717,179.037,-10.6615
52.6203,178.625,-10.6462
52.0799,177.682,-10.6114
51.8508,177.256,-10.5959
51.413,176.394,-10.5649
51.2041,175.958,-10.5494
50.7583,174.966,-10.5147
50.5633,174.518,-10.4973
50.1939,173.614,-10.463
50.0193,173.158,-10.446
49.65,172.124,-10.4081
49.4962,171.66,-10.3915
49.2071,170.727,-10.3584
49.0717,170.257,-10.3421
48.788,169.193,-10.3052
48.6702,168.712,-10.2868
48.4516,167.747,-10.2509
48.3507,167.263,-10.2334
48.1433,166.17,-10.1953
48.0597,165.683,-10.1789
47.9074,164.707,-10.147
47.822,164.096,-10.1277
47.7007,163.114,-10.0978
47.6469,162.619,-10.0824
47.5525,161.627,-10.0527
47.5117,161.131,-10.0384
47.4349,160.015,-10.0075
47.4071,159.518,-9.99438
47.3628,158.525,-9.9693
47.3462,158.028,-9.95732
47.3219,156.909,-9.93153
47.3179,156.408,-9.92
47.319,155.408,-9.89808
47.3239,154.908,-9.88769
47.3454,153.784,-9.86572
47.3593,153.285,-9.85667
47.3949,152.287,-9.83988
47.4164,151.788,-9.83202
47.4737,150.666,-9.81561
47.505,150.164,-9.80814
47.5732,149.161,-9.79461
47.61,148.661,-9.78857
47.699,147.536,-9.77674
47.7412,147.036,-9.77218
47.83,146.038,-9.76412
47.8765,145.54,-9.7607
47.986,144.42,-9.75445
48.0384,143.921,-9.75136
48.1462,142.925,-9.74659
48.2016,142.427,-9.7449
48.3295,141.308,-9.7427
48.3876,140.315,-9.74254
48.521,139.695,-9.74308
48.627,138.827,-9.74461
48.7046,138.207,-9.74604
48.8351,137.21,-9.74785
48.9007,136.713,-9.74924
49.0326,135.719,-9.75275
49.1153,135.098,-9.75543
49.2481,134.106,-9.76026
49.3146,133.61,-9.76294
49.4478,132.62,-9.76872
49.5319,132.001,-9.77246
49.6017,131.504,-9.77492
49.7405,130.512,-9.7806
49.8094,130.016,-9.78373
49.9633,128.902,-9.79136
50.0313,128.407,-9.79498
50.1663,127.417,-9.80264
50.2334,126.923,-9.80669
50.3836,125.81,-9.8163
50.5203,124.818,-9.8249
50.5877,124.322,-9.8293
50.7208,123.331,-9.83824
50.8028,122.712,-9.84408
50.932,121.723,-9.8535
50.9957,121.228,-9.85833
51.1212,120.239,-9.86799
51.1984,119.621,-9.87404
51.3246,118.632,-9.88245
51.3865,118.138,-9.88656
51.5081,117.149,-9.89479
51.5826,116.531,-9.89984
51.6992,115.543,-9.90771
51.7564,115.048,-9.91161
51.8686,114.059,-9.91923
51.9372,113.441,-9.92386
52.0475,112.454,-9.93129
52.1014,111.961,-9.93501
52.2066,110.973,-9.94228
52.2706,110.356,-9.94673
52.3705,109.368,-9.95371
52.4192,108.873,-9.95714
52.5141,107.884,-9.96389
52.5722,107.266,-9.96814
52.6644,106.272,-9.97521
52.7092,105.776,-9.97855
52.7962,104.783,-9.98499
52.8489,104.162,-9.98881
52.9305,103.17,-9.99462
52.9701,102.674,-9.9974
53.047,101.681,-10.0028
53.0938,101.06,-10.006
53.1678,100.066,-10.01
53.2036,99.5686,-10.0119
53.2727,98.5745,-10.0159
53.3142,97.9533,-10.0184
53.3781,96.9594,-10.0226
53.4089,96.4626,-10.0246
53.4683,95.4688,-10.0287
53.5039,94.8476,-10.0313
53.5592,93.8532,-10.0343
53.5857,93.3559,-10.0359
53.6366,92.3614,-10.0394
53.6669,91.7398,-10.0417
53.713,90.7452,-10.0455
53.735,90.2479,-10.0474
53.7768,89.253,-10.0512
53.8015,88.6312,-10.0535
53.8381,87.6356,-10.0559
53.8554,87.1377,-10.0572
53.8882,86.142,-10.0599
53.9075,85.5197,-10.0617
53.9364,84.524,-10.0647
53.95,84.0261,-10.0661
53.9755,83.0303,-10.0689
53.9904,82.4079,-10.0707
54.0128,81.4123,-10.073
54.0232,80.9146,-10.0742
54.0424,79.9192,-10.0768
54.0534,79.297,-10.0784
54.0692,78.3017,-10.0811
54.0764,77.8041,-10.0824
54.0892,76.8089,-10.0848
54.0958,76.1862,-10.0862
54.1031,75.1859,-10.0883
54.1062,74.6861,-10.0891
54.1111,73.687,-10.0907
54.1134,73.063,-10.0915
54.1156,72.0649,-10.0928
54.1161,71.5661,-10.0934
54.1159,70.5688,-10.0945
54.1147,69.945,-10.0952
54.1101,68.9439,-10.0961
54.1074,68.4438,-10.0966
54.101,67.444,-10.0975
54.0964,66.8196,-10.0981
54.0881,65.8211,-10.099
54.0835,65.3219,-10.0996
54.0734,64.324,-10.1006
54.0661,63.7002,-10.1015
54.0513,62.7007,-10.104
54.0437,62.2012,-10.1053
54.0278,61.2029,-10.1076
54.0175,60.5792,-10.1091
54.0004,59.5818,-10.1115
53.9915,59.0832,-10.1126
53.9732,58.0864,-10.1149
53.9608,57.4634,-10.1165
53.9378,56.4664,-10.1205
53.9262,55.9682,-10.1223
53.9027,54.9721,-10.1259
53.8877,54.3497,-10.1281
53.8632,53.3541,-10.1312
53.8508,52.8563,-10.1326
53.8255,51.8611,-10.1351
53.809,51.2389,-10.1367
53.7795,50.242,-10.1394
53.7647,49.7438,-10.1407
53.7351,48.7477,-10.143
53.7165,48.1254,-10.1443
53.6864,47.13,-10.1462
53.6713,46.6323,-10.147
53.6409,45.6371,-10.1486
53.6216,45.0149,-10.1496
53.59,44.0179,-10.1514
53.5741,43.5197,-10.1523
53.5421,42.5237,-10.1537
53.5221,41.9014,-10.1546
53.4897,40.9061,-10.1558
53.4735,40.4085,-10.1564
53.4409,39.4135,-10.1573
53.42,38.7915,-10.1578
53.384,37.7946,-10.1581
53.3661,37.2964,-10.1583
53.3303,36.3004,-10.1588
53.308,35.678,-10.1592
53.2723,34.6826,-10.1598
53.2545,34.1851,-10.1601
53.2189,33.19,-10.1606
53.1967,32.568,-10.161
53.1613,31.5715,-10.1627
53.1435,31.0734,-10.1634
53.108,30.0776,-10.1644
53.0858,29.4554,-10.165
53.0504,28.4601,-10.1658
53.0327,27.9625,-10.1662
52.9972,26.9675,-10.1669
52.9747,26.3456,-10.1675
52.9375,25.3502,-10.1693
52.9189,24.8527,-10.1702
52.8819,23.8579,-10.1717
52.8588,23.2363,-10.1725
52.822,22.242,-10.1735
52.8037,21.7449,-10.1739
52.7671,20.7507,-10.1746
52.744,20.1294,-10.1751
52.7062,19.1351,-10.1767
52.6874,18.638,-10.1773
52.65,17.6439,-10.1785
52.6267,17.0227,-10.1791
52.5896,16.0289,-10.1797
52.5712,15.532,-10.18
52.5344,14.5382,-10.1803
52.5116,13.9168,-10.1805
52.4753,12.9219,-10.1829
52.4573,12.4245,-10.1839
52.4212,11.4299,-10.1855
52.399,10.8081,-10.1864
52.3648,9.81214,-10.188
52.3476,9.31435,-10.1886
52.3131,8.31909,-10.1892
52.2915,7.6972,-10.1893
52.257,6.70245,-10.1896
52.2397,6.20518,-10.1898
52.2051,5.21077,-10.19
52.1835,4.58915,-10.1902
52.1494,3.59364,-10.1909
52.1322,3.0961,-10.1909
52.0979,2.10136,-10.1906
52.0764,1.47975,-10.1904
52.042,0.485435,-10.1901
52.0248,-0.0116564,-10.1901
51.9903,-1.0058,-10.1898
51.9687,-1.62707,-10.1896
51.9358,-2.62079,-10.1898
51.9193,-3.11761,-10.1897
51.8861,-4.11115,-10.1894
51.8654,-4.73205,-10.1891
51.8323,-5.72548,-10.1886
51.8157,-6.22218,-10.1882
51.7824,-7.21549,-10.1875
51.7616,-7.83623,-10.187
51.7283,-8.82921,-10.1855
51.7116,-9.32566,-10.1848
51.6781,-10.3185,-10.1832
51.6571,-10.9389,-10.1823
51.6236,-11.9316,-10.1806
51.6068,-12.4279,-10.1797
51.5733,-13.4205,-10.1778
51.5524,-14.0411,-10.1766
51.5194,-15.0349,-10.1744
51.5029,-15.5317,-10.1733
51.4698,-16.525,-10.1712
51.4491,-17.1456,-10.1699
51.416,-18.1384,-10.168
51.3994,-18.6347,-10.1671
51.3663,-19.6271,-10.1652
51.3456,-20.2473,-10.164
51.3149,-21.2405,-10.1633
51.2993,-21.737,-10.1628
51.268,-22.7298,-10.1617
51.2484,-23.3502,-10.161
51.2168,-24.3426,-10.1599
51.2009,-24.8388,-10.1594
51.169,-25.8309,-10.1583
51.1493,-26.4517,-10.158
51.1185,-27.4496,-10.1591
51.103,-27.9481,-10.1596
51.0718,-28.9444,-10.1603
51.0522,-29.5666,-10.1607
51.0207,-30.5616,-10.1608
51.0048,-31.0588,-10.1607
50.973,-32.0529,-10.1604
50.9534,-32.6746,-10.1604
50.924,-33.6723,-10.1618
50.9091,-34.1707,-10.1622
50.879,-35.1668,-10.1624
50.86,-35.7889,-10.1622
50.8292,-36.7838,-10.1617
50.8138,-37.2811,-10.1613
50.7827,-38.2752,-10.1604
50.7631,-38.8964,-10.1597
50.7331,-39.8907,-10.16
50.718,-40.3877,-10.1599
50.6875,-41.3816,-10.1592
50.6682,-42.0026,-10.1585
50.6373,-42.9962,-10.1575
50.6179,-43.617,-10.1567
50.5907,-44.4861,-10.1554
50.5708,-45.1076,-10.1547
50.5374,-46.1055,-10.1549
50.5208,-46.6041,-10.1548
50.4875,-47.6006,-10.1544
50.4667,-48.2231,-10.1539
50.4335,-49.2186,-10.153
50.417,-49.7161,-10.1524
50.3838,-50.7107,-10.1512
50.3632,-51.3329,-10.151
50.3307,-52.3324,-10.1535
50.3144,-52.8316,-10.1545
50.2776,-53.954,-10.1562
50.2613,-54.4525,-10.1568
50.2285,-55.4488,-10.1576
50.2121,-55.9468,-10.1579
50.1795,-56.9423,-10.1582
50.1593,-57.5645,-10.1586
50.1279,-58.5614,-10.161
50.1121,-59.0595,-10.162
50.0805,-60.0552,-10.1632
50.0606,-60.6772,-10.1639
50.0288,-61.6717,-10.1644
50.0128,-62.1689,-10.1645
49.9809,-63.1629,-10.1645
49.9611,-63.7845,-10.1647
49.9305,-64.7811,-10.1663
49.9113,-65.4035,-10.1672
49.8842,-66.2745,-10.168
49.8647,-66.8963,-10.1685
49.8334,-67.8908,-10.1688
49.8177,-68.3878,-10.1689
49.7861,-69.3816,-10.1688
49.7663,-70.0026,-10.1685
49.7355,-70.9971,-10.168
49.72,-71.4942,-10.1676
49.6888,-72.4882,-10.1668
49.6691,-73.1093,-10.1661
49.6377,-74.1029,-10.1646
49.6219,-74.5996,-10.1638
49.5903,-75.5928,-10.1621
49.5706,-76.2143,-10.1614
49.5395,-77.2128,-10.1615
49.5239,-77.7116,-10.1613
49.4926,-78.7085,-10.1608
49.473,-79.331,-10.1605
49.4416,-80.3264,-10.16
49.4258,-80.8239,-10.1598
49.3944,-81.8185,-10.1593
49.3745,-82.4406,-10.1592
49.3418,-83.4402,-10.1593
49.3254,-83.9393,-10.1592
49.2929,-84.9368,-10.159
49.2727,-85.5597,-10.1587
49.2403,-86.5556,-10.1582
49.2241,-87.0532,-10.1578
49.1919,-88.048,-10.1569
49.1716,-88.67,-10.1568
49.1383,-89.6689,-10.1586
49.1218,-90.1679,-10.1594
49.0886,-91.1649,-10.1606
49.0679,-91.7875,-10.1611
49.0349,-92.7829,-10.1616
49.0184,-93.2803,-10.1616
48.9856,-94.2745,-10.1615
48.9652,-94.8962,-10.162
48.9327,-95.8943,-10.1656
48.9165,-96.3928,-10.1671
48.8842,-97.389,-10.1698
48.8641,-98.0111,-10.1712
48.8319,-99.0056,-10.1732
48.8159,-99.5026,-10.1739
48.7838,-100.496,-10.1753
48.7636,-101.117,-10.1764
48.7297,-102.114,-10.1797
48.7129,-102.611,-10.1811
48.6795,-103.606,-10.1835
48.6588,-104.227,-10.1849
48.6258,-105.22,-10.1865
48.6094,-105.716,-10.1871
48.5725,-106.832,-10.1884
48.5559,-107.329,-10.1889
48.5215,-108.324,-10.1908
48.5045,-108.822,-10.1916
48.4707,-109.815,-10.193
48.4498,-110.436,-10.1937
48.4166,-111.429,-10.195
48.4,-111.925,-10.1956
48.3671,-112.917,-10.1966
48.3466,-113.537,-10.1971
48.3103,-114.527,-10.1999
48.2924,-115.022,-10.2011
48.2571,-116.012,-10.2031
48.2354,-116.631,-10.204
48.1998,-117.622,-10.2059
48.1822,-118.117,-10.2067
48.1475,-119.107,-10.208
48.1261,-119.726,-10.2085
48.0922,-120.716,-10.2091
48.0754,-121.211,-10.2093
48.0421,-122.201,-10.2097
48.0208,-122.82,-10.2102
47.9837,-123.813,-10.2125
47.9655,-124.309,-10.2133
47.9298,-125.301,-10.2144
47.9078,-125.921,-10.2149
47.8731,-126.913,-10.2155
47.8559,-127.409,-10.2155
47.822,-128.4,-10.2153
47.8011,-129.02,-10.2151
47.7651,-130.012,-10.2152
47.7474,-130.508,-10.2151
47.7125,-131.499,-10.2145
47.691,-132.119,-10.2141
47.6571,-133.111,-10.2133
47.6403,-133.606,-10.2129
47.6071,-134.598,-10.212
47.5863,-135.218,-10.2115
47.5516,-136.213,-10.212
47.5346,-136.711,-10.212
47.5008,-137.705,-10.2119
47.4799,-138.326,-10.2117
47.4469,-139.319,-10.211
47.4306,-139.816,-10.2106
47.3981,-140.809,-10.2096
47.3775,-141.43,-10.2093
47.3417,-142.427,-10.2102
47.3242,-142.925,-10.2105
47.2896,-143.92,-10.211
47.2726,-144.418,-10.2112
47.2347,-145.536,-10.2116
47.2182,-146.033,-10.2116
47.1855,-147.026,-10.2118
47.1693,-147.523,-10.212
47.1301,-148.645,-10.2125
47.1129,-149.144,-10.2127
47.0792,-150.14,-10.2128
47.0625,-150.638,-10.2127
47.0254,-151.757,-10.2123
47.009,-152.255,-10.212
46.9767,-153.249,-10.2115
46.9606,-153.746,-10.2112
46.9226,-154.862,-10.2115
46.9059,-155.357,-10.2117
46.8728,-156.349,-10.2121
46.8564,-156.844,-10.2123
46.82,-157.959,-10.2125
46.804,-158.455,-10.2127
46.7722,-159.446,-10.2131
46.7565,-159.941,-10.2132
46.7193,-161.058,-10.2143
46.7029,-161.554,-10.2147
46.6704,-162.546,-10.2153
46.6543,-163.042,-10.2156
46.6187,-164.158,-10.2161
46.6032,-164.653,-10.2162
46.5729,-165.645,-10.2162
46.5394,-166.763,-10.2167
46.5248,-167.261,-10.2172
46.4972,-168.256,-10.2179
46.4843,-168.753,-10.2183
46.4574,-169.871,-10.219
46.4464,-170.368,-10.2192
46.4361,-170.865,-10.2195
46.4176,-171.858,-10.2201
46.4093,-172.354,-10.2204
46.3906,-173.476,-10.2224
46.3836,-173.975,-10.2231
46.3722,-174.97,-10.2241
46.3677,-175.468,-10.2246
46.3609,-176.587,-10.225
46.3593,-177.084,-10.2249
46.3588,-178.079,-10.2244
46.3603,-179.198,-10.2244
46.3619,-179.696,-10.2246
46.3683,-180.691,-10.2247
46.3731,-181.188,-10.2248
46.3876,-182.306,-10.2248
46.3958,-182.803,-10.2247
46.4155,-183.797,-10.2247
46.4269,-184.293,-10.2247
46.4539,-185.409,-10.2254
46.4664,-185.904,-10.226
46.4951,-186.894,-10.227
46.5113,-187.389,-10.2273
46.5522,-188.503,-10.2276
46.5723,-188.998,-10.2277
46.6162,-189.988,-10.2279
46.6399,-190.483,-10.2279
46.6958,-191.598,-10.2292
46.722,-192.093,-10.2303
46.7781,-193.084,-10.232
46.808,-193.579,-10.2326
46.8794,-194.693,-10.2338
46.9131,-195.188,-10.2341
46.9838,-196.178,-10.2344
47.0209,-196.673,-10.2343
47.1067,-197.786,-10.2343
47.1461,-198.281,-10.2343
47.2283,-199.27,-10.2338
47.2711,-199.764,-10.2335
47.3715,-200.876,-10.2325
47.4179,-201.37,-10.232
47.5264,-202.481,-10.2308
47.5637,-202.852,-10.2303
47.679,-203.962,-10.2303
47.7318,-204.455,-10.231
47.8407,-205.441,-10.233
47.8968,-205.934,-10.2347
48.027,-207.043,-10.2415
48.0866,-207.537,-10.2461
48.2092,-208.523,-10.2593
48.272,-209.016,-10.268
48.4162,-210.125,-10.2927
48.4815,-210.617,-10.3061
48.6154,-211.602,-10.3382
48.6839,-212.094,-10.3567
48.8416,-213.201,-10.4036
48.9133,-213.693,-10.4267
49.0596,-214.677,-10.4766
49.1344,-215.168,-10.5033
49.3069,-216.276,-10.5671
49.3855,-216.768,-10.597
49.5455,-217.751,-10.6596
49.627,-218.243,-10.6922
49.8136,-219.347,-10.7689
49.898,-219.838,-10.8042
50.0692,-220.818,-10.8772
50.1778,-221.431,-10.9242
50.3544,-222.411,-11.0011
50.4438,-222.901,-11.0404
50.6244,-223.88,-11.1207
50.7157,-224.369,-11.1617
50.9231,-225.469,-11.2557
51.0162,-225.957,-11.2983
51.2041,-226.933,-11.3851
51.2987,-227.421,-11.4293
51.516,-228.517,-11.5307
51.6141,-229.004,-11.5765
51.8114,-229.976,-11.6696
51.9106,-230.462,-11.7167
52.135,-231.555,-11.8244
52.2353,-232.041,-11.8729
52.4368,-233.012,-11.9712
52.5381,-233.497,-12.0208
52.7692,-234.589,-12.1345
52.873,-235.075,-12.1859
53.0812,-236.046,-12.2895
53.1856,-236.531,-12.3417
53.4211,-237.621,-12.4604
53.5261,-238.105,-12.5137
53.7366,-239.074,-12.6211
53.8422,-239.558,-12.6752
54.0827,-240.646,-12.7971
54.1909,-241.129,-12.8513
54.4075,-242.095,-12.9608
54.5158,-242.578,-13.0161
54.7598,-243.664,-13.1419
54.8683,-244.147,-13.1983
55.0857,-245.112,-13.3118
55.1947,-245.594,-13.369
55.4424,-246.679,-13.4985
55.554,-247.16,-13.5562
55.7794,-248.121,-13.6726
55.8933,-248.602,-13.7313
56.1539,-249.682,-13.8653
56.2719,-250.162,-13.9254
56.5127,-251.12,-14.0468
56.6357,-251.598,-14.1082
56.9186,-252.673,-14.2482
57.0475,-253.15,-14.3112
57.3125,-254.101,-14.4388
57.4489,-254.575,-14.5033
57.7658,-255.639,-14.6501
57.9114,-256.11,-14.7162
58.2117,-257.048,-14.8497
58.3667,-257.516,-14.9172
58.723,-258.562,-15.0703
58.8849,-259.025,-15.1387
59.2204,-259.945,-15.2771
59.3943,-260.403,-15.347
59.8009,-261.427,-15.5058
59.9887,-261.879,-15.577
60.3773,-262.777,-15.7205
60.5782,-263.223,-15.7926
61.0417,-264.219,-15.9563
61.2527,-264.658,-16.0298
61.6898,-265.529,-16.1774
61.9159,-265.961,-16.2515
62.4432,-266.922,-16.4193
62.6859,-267.344,-16.494
63.1866,-268.18,-16.6442
63.4445,-268.593,-16.7195
64.0372,-269.511,-16.889
64.306,-269.914,-16.9646
64.8599,-270.708,-17.116
65.1449,-271.099,-17.1918
65.8055,-271.967,-17.3624
66.1077,-272.346,-17.4383
66.7271,-273.093,-17.59
67.0443,-273.46,-17.6659
67.7698,-274.272,-17.8367
68.097,-274.626,-17.9127
68.7666,-275.32,-18.0644
69.1088,-275.661,-18.1403
69.896,-276.412,-18.3106
70.2533,-276.739,-18.3862
70.9811,-277.379,-18.5371
71.3514,-277.693,-18.6122
72.1977,-278.382,-18.78
72.5796,-278.681,-18.854
73.3548,-279.267,-19.0008
73.7479,-279.554,-19.0739
74.6451,-280.183,-19.2374
75.0491,-280.456,-19.3095
75.8666,-280.991,-19.4525
76.2798,-281.252,-19.5235
77.2183,-281.826,-19.6821
77.6392,-282.074,-19.7521
78.4888,-282.56,-19.891
78.9173,-282.798,-19.9602
79.89,-283.32,-20.1148
80.3259,-283.547,-20.183
81.2039,-283.992,-20.3186
81.6458,-284.209,-20.3862
82.6488,-284.686,-20.5386
83.0979,-284.892,-20.6064
84.0002,-285.297,-20.7414
84.4533,-285.495,-20.8089
85.4773,-285.934,-20.9607
85.9343,-286.126,-21.0283
86.8515,-286.503,-21.164
87.3115,-286.688,-21.2321
88.3512,-287.094,-21.3869
88.815,-287.27,-21.4565
89.7443,-287.619,-21.5964
90.2097,-287.792,-21.6669
91.2584,-288.177,-21.8267
91.7251,-288.346,-21.8983
92.6592,-288.683,-22.0423
93.1267,-288.85,-22.1146
94.1824,-289.221,-22.2764
94.6527,-289.384,-22.3478
95.5926,-289.711,-22.4894
96.0622,-289.874,-22.5594
97.1178,-290.243,-22.7137
97.5866,-290.408,-22.7805
98.5232,-290.738,-22.9104
98.991,-290.904,-22.9733
100.046,-291.273,-23.1088
100.516,-291.436,-23.1666
101.453,-291.765,-23.2792
101.921,-291.931,-23.3345
102.971,-292.309,-23.4562
103.436,-292.479,-23.5092
104.365,-292.821,-23.6132
104.829,-292.995,-23.6643
105.875,-293.383,-23.7772
106.34,-293.556,-23.8265
107.267,-293.907,-23.9238
107.729,-294.086,-23.9717
108.765,-294.494,-24.0777
109.223,-294.678,-24.1242
110.138,-295.053,-24.2159
110.593,-295.243,-24.2612
111.618,-295.674,-24.3613
112.072,-295.867,-24.4051
112.978,-296.259,-24.4914
113.43,-296.458,-24.534
114.44,-296.916,-24.6284
114.887,-297.123,-24.6697
115.777,-297.544,-24.7513
116.22,-297.759,-24.7917
117.217,-298.243,-24.8808
117.66,-298.46,-24.9197
118.542,-298.901,-24.9967
118.98,-299.126,-25.0348
119.96,-299.643,-25.1192
120.393,-299.877,-25.1561
121.253,-300.353,-25.2291
121.681,-300.595,-25.2654
122.644,-301.146,-25.3473
123.071,-301.394,-25.3843
123.918,-301.9,-25.4606
124.338,-302.158,-25.5001
125.274,-302.75,-25.5934
125.687,-303.019,-25.6369
126.505,-303.566,-25.7282
126.911,-303.844,-25.7762
127.822,-304.479,-25.8863
128.225,-304.765,-25.9364
129.023,-305.347,-26.0405
129.418,-305.643,-26.0942
130.297,-306.319,-26.2188
130.684,-306.624,-26.2756
131.45,-307.243,-26.3916
131.83,-307.557,-26.4508
132.681,-308.273,-26.585
133.057,-308.596,-26.6452
133.801,-309.249,-26.7675
134.169,-309.58,-26.8295
134.986,-310.334,-26.9712
135.344,-310.673,-27.035
136.053,-311.36,-27.1641
136.404,-311.708,-27.2292
137.189,-312.499,-27.3767
137.535,-312.854,-27.4428
138.218,-313.573,-27.5763
138.555,-313.936,-27.6437
139.302,-314.761,-27.7969
139.629,-315.132,-27.8656
140.273,-315.88,-28.0037
140.591,-316.258,-28.0733
141.3,-317.117,-28.2305
141.612,-317.503,-28.3007
142.225,-318.281,-28.4419
142.527,-318.673,-28.5128
143.193,-319.564,-28.6733
143.485,-319.962,-28.7452
144.057,-320.767,-28.8895
144.339,-321.172,-28.9621
144.966,-322.093,-29.1236
145.24,-322.507,-29.1949
145.78,-323.339,-29.3386
146.044,-323.757,-29.411
146.626,-324.706,-29.5748
146.88,-325.13,-29.648
147.376,-325.984,-29.7953
147.62,-326.413,-29.8694
148.16,-327.388,-30.037
148.397,-327.824,-30.1119
148.859,-328.702,-30.2623
149.085,-329.143,-30.3377
149.58,-330.14,-30.508
149.794,-330.586,-30.584
150.212,-331.481,-30.7363
150.415,-331.931,-30.8129
150.865,-332.947,-30.9852
151.061,-333.4,-31.062
151.441,-334.311,-31.2161
151.807,-335.227,-31.371
152.028,-335.802,-31.4682
152.37,-336.726,-31.6245
152.536,-337.19,-31.7029
152.856,-338.121,-31.8603
153.051,-338.71,-31.9583
153.352,-339.655,-32.115
153.497,-340.129,-32.1931
153.776,-341.079,-32.3481
153.944,-341.673,-32.4436
154.202,-342.627,-32.5937
154.327,-343.105,-32.6671
154.566,-344.063,-32.81
154.713,-344.664,-32.8975
154.938,-345.629,-33.0324
155.045,-346.112,-33.097
155.251,-347.079,-33.2209
155.373,-347.684,-33.2952
155.557,-348.654,-33.4106
155.643,-349.139,-33.4667
155.806,-350.111,-33.5762
155.905,-350.723,-33.6448
156.05,-351.703,-33.7514
156.118,-352.193,-33.8033
156.256,-353.296,-33.9172
156.311,-353.786,-33.9665
156.41,-354.768,-34.0629
156.455,-355.258,-34.11
156.533,-356.24,-34.2024
156.576,-356.857,-34.2594
156.633,-357.845,-34.3485
156.656,-358.339,-34.3921
156.69,-359.325,-34.4775
156.704,-359.941,-34.5297
156.715,-360.927,-34.6114
156.715,-361.419,-34.6515
156.704,-362.403,-34.7301
156.694,-363.023,-34.7797
156.664,-364.012,-34.8573
156.644,-364.506,-34.8955
156.592,-365.492,-34.9703
156.552,-366.107,-35.0162
156.476,-367.09,-35.088
156.432,-367.581,-35.1234
156.334,-368.56,-35.1929
156.268,-369.176,-35.2375
156.15,-370.159,-35.3074
156.085,-370.649,-35.3418
155.945,-371.626,-35.4091
155.849,-372.235,-35.4505
155.685,-373.207,-35.5155
155.598,-373.691,-35.5476
155.412,-374.658,-35.6106
155.291,-375.264,-35.6511
155.085,-376.231,-35.7144
154.977,-376.713,-35.7455
154.749,-377.673,-35.8066
154.6,-378.271,-35.8439
154.35,-379.224,-35.9024
154.22,-379.699,-35.9311
153.95,-380.645,-35.9876
153.777,-381.237,-36.0233
153.49,-382.18,-36.0796
153.341,-382.65,-36.1071
153.033,-383.585,-36.161
152.834,-384.167,-36.1942
152.504,-385.094,-36.2465
152.333,-385.555,-36.2723
151.983,-386.475,-36.3234
151.759,-387.051,-36.3565
151.39,-387.967,-36.4083
151.2,-388.423,-36.4336
150.811,-389.33,-36.4834
150.561,-389.893,-36.5138
150.151,-390.789,-36.5615
149.941,-391.235,-36.585
149.512,-392.121,-36.6313
149.24,-392.674,-36.6613
148.795,-393.552,-36.709
148.567,-393.989,-36.7324
148.103,-394.857,-36.7784
147.806,-395.396,-36.8066
147.322,-396.253,-36.8508
147.076,-396.678,-36.8727
146.573,-397.524,-36.9156
146.253,-398.054,-36.9448
145.73,-398.894,-36.9901
145.465,-399.311,-37.0121
144.925,-400.139,-37.0551
144.583,-400.652,-37.0815
144.025,-401.466,-37.1227
143.742,-401.871,-37.1428
143.169,-402.673,-37.1821
142.808,-403.172,-37.2082
142.221,-403.965,-37.2497
141.924,-404.358,-37.2699
141.321,-405.138,-37.3094
140.939,-405.621,-37.3333
140.318,-406.386,-37.3707
140.004,-406.765,-37.3891
139.368,-407.517,-37.4252
138.966,-407.985,-37.4507
138.316,-408.727,-37.49
137.987,-409.094,-37.5091
137.321,-409.82,-37.5465
136.899,-410.27,-37.5693
136.218,-410.981,-37.6049
135.873,-411.333,-37.6223
135.177,-412.03,-37.6567
134.738,-412.464,-37.6802
134.027,-413.148,-37.7166
133.669,-413.487,-37.7343
132.945,-414.156,-37.7687
132.488,-414.57,-37.7897
131.749,-415.222,-37.8225
131.377,-415.545,-37.8386
130.625,-416.183,-37.8701
130.154,-416.578,-37.8923
129.394,-417.203,-37.9276
129.011,-417.511,-37.9448
128.238,-418.119,-37.9781
127.75,-418.494,-37.9985
126.963,-419.085,-38.03
126.567,-419.376,-38.0453
125.768,-419.951,-38.0752
125.263,-420.309,-38.0958
124.451,-420.871,-38.1275
124.041,-421.147,-38.1429
123.218,-421.692,-38.1729
122.7,-422.026,-38.191
121.865,-422.552,-38.2193
121.444,-422.811,-38.2331
120.599,-423.32,-38.2598
120.067,-423.635,-38.2789
119.211,-424.129,-38.3084
118.781,-424.372,-38.3227
117.915,-424.848,-38.3505
117.371,-425.139,-38.3674
116.496,-425.596,-38.3939
116.056,-425.82,-38.4069
115.172,-426.259,-38.4324
114.617,-426.53,-38.45
113.724,-426.954,-38.4773
113.276,-427.161,-38.4905
112.375,-427.566,-38.5162
111.809,-427.813,-38.5317
110.9,-428.198,-38.5563
110.443,-428.386,-38.5684
109.526,-428.753,-38.5921
108.952,-428.977,-38.608
108.03,-429.325,-38.6325
107.567,-429.494,-38.6444
106.638,-429.824,-38.6676
106.055,-430.023,-38.6817
105.118,-430.332,-38.704
104.648,-430.482,-38.7151
103.706,-430.773,-38.7371
103.116,-430.949,-38.7533
102.168,-431.22,-38.7783
101.693,-431.35,-38.7905
100.74,-431.602,-38.8143
100.142,-431.753,-38.8289
99.1832,-431.985,-38.8516
98.7026,-432.096,-38.8628
97.739,-432.308,-38.8846
97.1375,-432.436,-38.8999
96.1734,-432.632,-38.9242
95.5693,-432.747,-38.9387
94.7214,-432.9,-38.9584
94.1144,-433.004,-38.972
93.141,-433.158,-38.9931
92.6533,-433.231,-39.0034
91.6761,-433.366,-39.0231
91.0666,-433.445,-39.0359
90.0901,-433.56,-39.056
89.6009,-433.613,-39.0657
88.6208,-433.709,-39.0847
88.0072,-433.763,-39.0965
87.024,-433.837,-39.1148
86.5318,-433.87,-39.1238
85.5463,-433.925,-39.1415
84.9318,-433.954,-39.1531
83.9476,-433.988,-39.1714
83.4551,-434.001,-39.1803
82.4693,-434.016,-39.1979
81.8528,-434.019,-39.2087
80.866,-434.013,-39.2256
80.3724,-434.005,-39.2339
79.385,-433.98,-39.2502
78.7698,-433.958,-39.2603
77.7852,-433.913,-39.2762
77.2929,-433.886,-39.284
76.3085,-433.82,-39.2995
75.6934,-433.773,-39.3089
74.7097,-433.687,-39.3239
74.2181,-433.639,-39.3312
73.2355,-433.533,-39.3458
72.6252,-433.462,-39.3544
71.6505,-433.339,-39.3682
71.1633,-433.272,-39.3751
70.1894,-433.129,-39.3889
69.5812,-433.032,-39.3974
68.609,-432.867,-39.4109
68.1234,-432.78,-39.4176
67.1535,-432.596,-39.4306
66.5498,-432.474,-39.4391
65.5854,-432.268,-39.4526
65.1039,-432.161,-39.4594
64.1428,-431.936,-39.4731
63.5434,-431.789,-39.4816
62.5864,-431.544,-39.4953
62.109,-431.416,-39.502
61.1562,-431.152,-39.5152
60.5644,-430.981,-39.5232
59.6198,-430.698,-39.5356
59.1486,-430.551,-39.5418
58.2086,-430.249,-39.5539
57.6227,-430.054,-39.5614
56.6882,-429.731,-39.5733
56.2223,-429.565,-39.5792
55.2935,-429.224,-39.591
54.7191,-429.006,-39.5973
53.8027,-428.647,-39.6074
53.2319,-428.417,-39.6137
52.4353,-428.086,-39.6226
51.8682,-427.844,-39.6289
50.9645,-427.446,-39.6388
50.5144,-427.243,-39.6437
49.6175,-426.828,-39.6535
49.0634,-426.562,-39.6582
48.1802,-426.127,-39.6659
47.7403,-425.905,-39.67
46.8642,-425.452,-39.6781
46.3191,-425.164,-39.6832
45.4511,-424.693,-39.6914
45.0191,-424.453,-39.6955
44.1592,-423.964,-39.7035
43.6285,-423.654,-39.7064
42.7836,-423.149,-39.7115
42.3631,-422.892,-39.7142
41.5264,-422.37,-39.72
41.0065,-422.038,-39.7238
40.1795,-421.498,-39.73
39.7683,-421.224,-39.7332
38.9508,-420.668,-39.7397
38.4452,-420.314,-39.7409
37.6414,-419.74,-39.7438
37.242,-419.449,-39.7455
36.4485,-418.859,-39.7496
35.9561,-418.485,-39.7523
35.1741,-417.879,-39.7567
34.7859,-417.571,-39.7588
34.0151,-416.949,-39.7636
33.5423,-416.556,-39.7653
32.7913,-415.919,-39.7683
32.4184,-415.597,-39.77
31.6782,-414.945,-39.7736
31.2193,-414.532,-39.7762
30.4913,-413.864,-39.7809
30.1303,-413.527,-39.7833
29.4142,-412.844,-39.7884
28.9739,-412.411,-39.7889
28.2757,-411.712,-39.7903
27.9296,-411.359,-39.7912
27.2437,-410.646,-39.7934
26.8192,-410.196,-39.795
26.1469,-409.468,-39.7983
25.8141,-409.101,-39.8002
25.1551,-408.361,-39.804
24.7519,-407.894,-39.8037
24.1135,-407.14,-39.804
23.7976,-406.759,-39.8045
23.1724,-405.993,-39.8062
22.7863,-405.51,-39.8075
22.176,-404.73,-39.8101
21.8744,-404.338,-39.8117
21.2784,-403.546,-39.8151
20.9138,-403.048,-39.8155
20.3381,-402.244,-39.8168
20.0537,-401.839,-39.8176
19.4924,-401.024,-39.8197
19.1465,-400.511,-39.8214
18.6014,-399.684,-39.8245
18.3326,-399.268,-39.8262
17.8027,-398.43,-39.8298
17.4799,-397.901,-39.8292
16.9716,-397.048,-39.8292
16.7212,-396.62,-39.8295
16.2281,-395.759,-39.8304
15.9252,-395.218,-39.8312
15.4491,-394.348,-39.8328
15.2151,-393.91,-39.8336
14.7553,-393.031,-39.8358
14.4762,-392.481,-39.8355
14.0392,-391.597,-39.8352
13.8247,-391.153,-39.8353
13.4039,-390.26,-39.8359
13.1464,-389.699,-39.8364
12.7435,-388.797,-39.8375
12.5462,-388.343,-39.8382
12.1603,-387.433,-39.84
11.9276,-386.861,-39.8395
11.5643,-385.942,-39.8396
11.3869,-385.481,-39.8399
11.0405,-384.555,-39.8409
10.8297,-383.974,-39.8418
10.5019,-383.04,-39.8434
10.3423,-382.572,-39.8443
10.0321,-381.632,-39.8463
9.84631,-381.043,-39.8461
9.55936,-380.098,-39.8456
9.42023,-379.623,-39.8456
9.15079,-378.672,-39.8461
8.98838,-378.076,-39.8468
8.73816,-377.118,-39.848
8.61753,-376.638,-39.8487
8.35783,-375.555,-39.85
8.24939,-374.588,-39.8484
8.04128,-374.103,-39.8478
7.84506,-373.132,-39.8473
7.75148,-372.645,-39.8473
7.63875,-372.036,-39.8475
7.46832,-371.06,-39.8482
7.38769,-370.571,-39.8486
7.23563,-369.591,-39.8497
7.15015,-368.977,-39.848
7.02303,-367.992,-39.846
6.96397,-367.499,-39.8454
6.85487,-366.513,-39.8447
6.79287,-365.896,-39.8446
6.70365,-364.908,-39.8447
6.66369,-364.413,-39.845
6.59311,-363.423,-39.8461
6.55715,-362.804,-39.8454
6.50965,-361.812,-39.8451
6.49027,-361.316,-39.8449
6.45913,-360.324,-39.8434
6.44388,-359.705,-39.8412
6.42462,-358.717,-39.835
6.41692,-358.223,-39.8309
6.4047,-357.235,-39.8219
6.40502,-356.617,-39.8157
6.40698,-355.627,-39.807
6.40854,-355.131,-39.8033
6.41265,-354.14,-39.7969
6.41574,-353.52,-39.7933
6.42138,-352.528,-39.7869
6.4245,-352.032,-39.7831
6.43135,-351.039,-39.7737
6.44076,-350.418,-39.7642
6.45554,-349.423,-39.7468
6.46282,-348.926,-39.7371
6.47715,-347.932,-39.716
6.48603,-347.31,-39.7019
6.50012,-346.316,-39.6783
6.50708,-345.82,-39.666
6.52076,-344.826,-39.6406
6.53315,-344.204,-39.6235
6.55198,-343.209,-39.5961
6.56096,-342.712,-39.5823
6.57817,-341.719,-39.5546
6.58847,-341.098,-39.5373
6.60431,-340.107,-39.5097
6.6194,-339.116,-39.482
6.62671,-338.621,-39.4682
6.64948,-337.505,-39.4342
6.65948,-337.01,-39.419
6.67856,-336.02,-39.3888
6.68767,-335.526,-39.3737
6.70723,-334.415,-39.3402
6.71553,-333.922,-39.3254
6.73149,-332.937,-39.2957
6.73917,-332.445,-39.2808
6.76092,-331.335,-39.2452
6.7701,-330.843,-39.2295
6.78763,-329.86,-39.1981
6.796,-329.369,-39.1824
6.81401,-328.267,-39.1468
6.82166,-327.778,-39.1311
6.83638,-326.801,-39.0994
6.84344,-326.314,-39.0836
6.86286,-325.212,-39.0453
6.87102,-324.723,-39.0282
6.88647,-323.748,-38.9942
6.89381,-323.261,-38.9772
6.90964,-322.169,-38.9384
6.91639,-321.684,-38.9212
6.92937,-320.716,-38.8865
6.93564,-320.233,-38.8689
6.94893,-319.138,-38.8288
6.95463,-318.652,-38.8109
6.96575,-317.684,-38.7749
6.97116,-317.201,-38.7568
6.98298,-316.117,-38.7156
6.98805,-315.637,-38.6971
6.99797,-314.677,-38.6601
7.00281,-314.199,-38.6414
7.01548,-313.117,-38.5973
7.02087,-312.637,-38.5777
7.03121,-311.681,-38.5382
7.03622,-311.203,-38.5183
7.04713,-310.132,-38.4729
7.05187,-309.657,-38.4525
7.0611,-308.708,-38.4113
7.06562,-308.234,-38.3904
7.07541,-307.164,-38.3411
7.07968,-306.689,-38.3189
7.08813,-305.742,-38.2739
7.09232,-305.269,-38.2512
7.1017,-304.207,-38.1994
7.10584,-303.736,-38.1761
7.11401,-302.796,-38.1289
7.11806,-302.327,-38.1052
7.12418,-301.267,-38.0513
7.12688,-300.796,-38.0272
7.13254,-299.857,-37.9786
7.1355,-299.389,-37.9541
7.14238,-298.336,-37.8988
7.14556,-297.869,-37.8741
7.15206,-296.937,-37.8246
7.15535,-296.472,-37.7996
7.15947,-295.416,-37.7429
7.16153,-294.948,-37.7176
7.16601,-294.015,-37.6669
7.16842,-293.549,-37.6415
7.1742,-292.504,-37.5836
7.17692,-292.04,-37.5577
7.18256,-291.114,-37.5054
7.18546,-290.651,-37.479
7.18645,-289.601,-37.4167
7.1873,-289.136,-37.389
7.1897,-288.207,-37.3332
7.19121,-287.744,-37.305
7.19526,-286.703,-37.2409
7.19733,-286.242,-37.2122
7.20192,-285.32,-37.1543
7.20445,-284.86,-37.125
7.20784,-283.813,-37.0577
7.20967,-283.35,-37.0275
7.21387,-282.424,-36.9666
7.21621,-281.963,-36.936
7.22206,-280.926,-36.8664
7.22488,-280.466,-36.8351
7.23094,-279.547,-36.7717
7.23417,-279.089,-36.7397
7.23799,-278.046,-36.6652
7.24009,-277.584,-36.6318
7.24492,-276.662,-36.5647
7.2476,-276.202,-36.531
7.25433,-275.169,-36.4548
7.2576,-274.711,-36.4206
7.26467,-273.795,-36.3516
7.26842,-273.338,-36.3169
7.27326,-272.298,-36.2376
7.27581,-271.838,-36.202
7.28155,-270.918,-36.13
7.28477,-270.459,-36.0938
7.29269,-269.428,-36.0114
7.29647,-268.97,-35.9745
7.30456,-268.056,-35.9004
7.30877,-267.599,-35.8632
7.31258,-266.562,-35.7772
7.3148,-266.102,-35.7387
7.32009,-265.183,-35.6614
7.32316,-264.725,-35.6227
7.33098,-263.695,-35.5352
7.33482,-263.238,-35.4961
7.34307,-262.324,-35.4175
7.34746,-261.868,-35.3779
7.35372,-260.832,-35.2899
7.35694,-260.373,-35.2505
7.36411,-259.455,-35.1714
7.36805,-258.996,-35.1316
7.37762,-257.966,-35.0415
7.38217,-257.509,-35.0012
7.3918,-256.595,-34.9202
7.39689,-256.139,-34.8794
7.40269,-255.103,-34.7874
7.40579,-254.644,-34.7462
7.41277,-253.726,-34.6634
7.41662,-253.268,-34.6217
7.42612,-252.238,-34.5273
7.4307,-251.78,-34.4851
7.44043,-250.865,-34.4005
7.44554,-250.408,-34.3579
7.45353,-249.368,-34.2611
7.45737,-248.907,-34.2178
7.4659,-247.984,-34.1308
7.4705,-247.524,-34.0871
7.48164,-246.488,-33.9883
7.48687,-246.029,-33.9442
7.49781,-245.11,-33.8559
7.50354,-244.65,-33.8116
7.51191,-243.604,-33.7112
7.5161,-243.14,-33.6665
7.52517,-242.213,-33.5767
7.53003,-241.751,-33.5317
7.54171,-240.71,-33.43
7.54725,-240.248,-33.3848
7.55888,-239.325,-33.2941
7.56495,-238.864,-33.2487
7.57274,-237.812,-33.1468
7.57672,-237.345,-33.1014
7.58556,-236.413,-33.0104
7.59037,-235.948,-32.9647
7.60198,-234.902,-32.8614
7.60745,-234.438,-32.8153
7.61888,-233.51,-32.7227
7.62488,-233.046,-32.6762
7.63523,-231.991,-32.5706
7.64029,-231.522,-32.5237
7.65102,-230.588,-32.4296
7.65668,-230.121,-32.3826
7.67018,-229.071,-32.2767
7.67645,-228.605,-32.2295
7.68946,-227.673,-32.1351
7.69742,-227.089,-32.0758
7.70788,-226.146,-31.9804
7.71348,-225.676,-31.9328
7.72537,-224.736,-31.8377
7.73161,-224.266,-31.7901
7.7463,-223.211,-31.683
7.75307,-222.742,-31.6355
7.76693,-221.805,-31.5403
7.77403,-221.337,-31.4927
7.78511,-220.272,-31.3856
7.79019,-219.799,-31.338
7.80107,-218.853,-31.2427
7.80689,-218.381,-31.195
7.82081,-217.32,-31.0875
7.82732,-216.848,-31.0398
7.84089,-215.905,-30.9442
7.84786,-215.434,-30.8964
7.86144,-214.361,-30.7885
7.8678,-213.885,-30.7405
7.8811,-212.934,-30.6445
7.88979,-212.341,-30.585
7.90414,-211.391,-30.4914
7.91154,-210.917,-30.4459
7.92673,-209.969,-30.3576
7.93449,-209.496,-30.3153
7.95182,-208.418,-30.2241
7.95969,-207.941,-30.1861
7.97571,-206.988,-30.1156
7.98386,-206.512,-30.0831
8.00247,-205.445,-30.017
8.01084,-204.973,-29.9908
8.02781,-204.03,-29.945
8.03636,-203.561,-29.9253
8.0516,-202.493,-29.8843
8.05868,-202.022,-29.87
8.07333,-201.084,-29.8471
8.08088,-200.618,-29.8383
8.09827,-199.575,-29.824
8.10615,-199.115,-29.8197
8.12227,-198.199,-29.8146
8.13046,-197.743,-29.8135
8.14556,-196.707,-29.8097
8.15256,-196.25,-29.8092
8.16705,-195.342,-29.8097
8.17449,-194.89,-29.8104
8.18736,-193.872,-29.8106
8.19331,-193.422,-29.8113
8.20597,-192.527,-29.8133
8.21259,-192.082,-29.8147
8.22818,-191.084,-29.8184
8.23537,-190.643,-29.8202
8.25021,-189.763,-29.8243
8.25788,-189.325,-29.8265
8.27154,-188.331,-29.829
8.27802,-187.892,-29.8305
8.29161,-187.015,-29.834
8.30055,-186.469,-29.8366
8.31542,-185.599,-29.8413
8.32312,-185.164,-29.8438
8.34091,-184.189,-29.8501
8.34699,-183.864,-29.8524
8.36277,-182.884,-29.8579
8.37012,-182.449,-29.8608
8.38525,-181.58,-29.8675
8.39299,-181.147,-29.8712
8.41081,-180.172,-29.8806
8.41891,-179.739,-29.8852
8.43534,-178.873,-29.8953
8.4437,-178.44,-29.9007
8.45946,-177.462,-29.9102
8.46664,-177.027,-29.9151
8.48159,-176.158,-29.9265
8.48927,-175.723,-29.933
8.50703,-174.744,-29.9494
8.51517,-174.309,-29.9575
8.53185,-173.438,-29.9754
8.54038,-173.002,-29.985
8.55819,-172.019,-30.0064
8.56625,-171.582,-30.0166
8.58279,-170.706,-30.0384
8.59124,-170.268,-30.05
8.61065,-169.282,-30.0779
8.61943,-168.842,-30.091
8.63729,-167.963,-30.1187
8.64638,-167.523,-30.1332
8.66383,-166.531,-30.163
8.67171,-166.089,-30.177
8.68792,-165.206,-30.207
8.69624,-164.763,-30.223
8.7154,-163.766,-30.2613
8.72412,-163.323,-30.2794
8.74187,-162.435,-30.3171
8.7509,-161.99,-30.3367
8.76823,-160.982,-30.3789
8.77619,-160.534,-30.3986
8.79271,-159.637,-30.4401
8.80125,-159.189,-30.4618
8.8209,-158.178,-30.5125
8.82982,-157.728,-30.5359
8.84796,-156.827,-30.5845
8.85712,-156.376,-30.6096
8.87526,-155.359,-30.6633
8.88345,-154.906,-30.6879
8.90027,-153.999,-30.7394
8.9089,-153.545,-30.7661
8.92875,-152.522,-30.8282
8.93772,-152.067,-30.8567
8.95593,-151.155,-30.9152
8.96515,-150.698,-30.9452
8.98346,-149.665,-31.0085
8.99182,-149.205,-31.0378
9.00895,-148.284,-31.0982
9.01766,-147.823,-31.1292
9.03761,-146.785,-31.201
9.04657,-146.322,-31.2337
9.06468,-145.396,-31.3008
9.07386,-144.932,-31.3352
9.09141,-143.887,-31.4103
9.09945,-143.421,-31.4448
9.11602,-142.488,-31.5152
9.12455,-142.021,-31.5512
9.14408,-140.968,-31.6344
9.15286,-140.499,-31.6726
9.17064,-139.561,-31.7507
9.17966,-139.09,-31.7906
9.1996,-138.029,-31.8801
9.2086,-137.556,-31.9211
9.22686,-136.61,-32.0052
9.23608,-135.545,-32.1032
9.25694,-135.071,-32.1479
9.27568,-134.123,-32.2392
9.28516,-133.648,-32.2857
9.30659,-132.579,-32.3898
9.31615,-132.103,-32.4362
9.32573,-131.628,-32.4832
9.34499,-130.675,-32.5794
9.35466,-130.199,-32.6286
9.37642,-129.126,-32.7415
9.38615,-128.649,-32.7927
9.40564,-127.693,-32.8969
9.41541,-127.215,-32.9498
9.43631,-126.136,-33.0658
9.4456,-125.656,-33.1184
9.46433,-124.696,-33.2257
9.47375,-124.216,-33.2803
9.4949,-123.135,-33.4056
9.50432,-122.654,-33.4623
9.52326,-121.692,-33.5775
9.53276,-120.612,-33.7082
9.55638,-120.132,-33.7665
9.56687,-119.652,-33.8254
9.58773,-118.692,-33.945
9.61092,-117.61,-34.082
9.6211,-117.129,-34.1437
9.63123,-116.647,-34.2057
9.65137,-115.683,-34.3312
9.6614,-115.201,-34.3946
9.68538,-114.119,-34.5356
9.6959,-113.638,-34.599
9.71669,-112.674,-34.7274
9.72699,-112.192,-34.7922
9.75005,-111.107,-34.9395
9.76018,-110.624,-35.0056
9.7803,-109.658,-35.139
9.79027,-109.174,-35.2062
9.81386,-108.091,-35.3554
9.83463,-107.128,-35.4897
9.8449,-106.646,-35.5574
9.85509,-105.559,-35.7114
9.87778,-105.076,-35.7805
9.89773,-104.109,-35.9196
9.90766,-103.625,-35.9896
9.93054,-102.539,-36.1465
9.941,-102.057,-36.216
9.9617,-101.092,-36.3562
9.97195,-100.61,-36.4269
9.99476,-99.5222,-36.5872
10.0048,-99.0385,-36.6588
10.0247,-98.0704,-36.8031
10.0346,-97.5859,-36.8757
10.0574,-96.4964,-37.0379
10.0676,-96.0123,-37.1098
10.0878,-95.0434,-37.2545
10.0978,-94.5586,-37.3273
10.1201,-93.4672,-37.492
10.1299,-92.9818,-37.5656
10.1494,-92.0104,-37.7137
10.159,-91.5244,-37.7882
10.182,-90.4322,-37.9553
10.1925,-89.9471,-38.0296
10.2131,-88.9763,-38.1791
10.2233,-88.4906,-38.2543
10.246,-87.3972,-38.4246
10.2559,-86.911,-38.5006
10.2757,-85.9382,-38.6534
10.2855,-85.4516,-38.73
10.3085,-84.3603,-38.9013
10.319,-83.8762,-38.9773
10.3397,-82.9071,-39.13
10.3499,-82.422,-39.2067
10.3727,-81.3296,-39.38
10.3827,-80.8436,-39.4574
10.4025,-79.871,-39.613
10.4124,-79.3843,-39.691
10.4346,-78.2916,-39.8655
10.4446,-77.8066,-39.9429
10.4641,-76.8357,-40.0984
10.4738,-76.3498,-40.1764
10.4954,-75.2555,-40.3527
10.5049,-74.7688,-40.4314
10.5238,-73.7946,-40.5892
10.5332,-73.3071,-40.6684
10.556,-72.2139,-40.8462
10.5669,-71.7298,-40.9249
10.5892,-70.7633,-41.0829
10.6014,-70.2815,-41.1624
10.6344,-69.2012,-41.3422
10.6527,-68.7227,-41.4223
10.698,-67.7693,-41.5835
10.726,-67.2943,-41.6644
10.8017,-66.2314,-41.8468
10.8424,-65.761,-41.9282
10.9412,-64.823,-42.0922
10.9999,-64.3552,-42.1748
11.1564,-63.306,-42.3621
11.2373,-62.8414,-42.446
11.4202,-61.916,-42.6148
11.5222,-61.4556,-42.6996
11.769,-60.4282,-42.8903
11.8873,-59.9752,-42.9748
12.144,-59.0744,-43.1426
12.2819,-58.6267,-43.2255
12.6134,-57.6251,-43.4083
12.7693,-57.1823,-43.487
13.0942,-56.3004,-43.6377
13.2622,-55.8614,-43.7092
13.6464,-54.8818,-43.8604
13.8191,-54.4503,-43.9235
14.1724,-53.5904,-44.0414
14.3522,-53.162,-44.0965
14.7632,-52.2011,-44.2118
14.9484,-51.7748,-44.2595
15.3226,-50.9229,-44.3492
15.5113,-50.497,-44.3916
15.9401,-49.5443,-44.4825
16.1322,-49.1234,-44.5213
16.5184,-48.2793,-44.5953
16.7125,-47.856,-44.6308
17.1508,-46.9007,-44.7078
17.3462,-46.475,-44.7408
17.738,-45.6212,-44.8052
17.9344,-45.1933,-44.8366
18.3793,-44.233,-44.9061
18.578,-43.8067,-44.9365
18.9758,-42.9518,-44.9963
19.1749,-42.5232,-45.0258
19.6235,-41.5566,-45.0912
19.8232,-41.126,-45.1198
20.2236,-40.2632,-45.1761
20.4246,-39.8311,-45.204
20.8813,-38.8615,-45.2669
21.0862,-38.4313,-45.2949
21.4979,-37.5702,-45.3505
21.7047,-37.1392,-45.3781
22.1718,-36.1683,-45.44
22.3798,-35.7361,-45.4674
22.7961,-34.8704,-45.5223
23.004,-34.4367,-45.5498
23.4736,-33.4619,-45.6126
23.6823,-33.0286,-45.6408
24.0968,-32.1593,-45.6971
24.3024,-31.7233,-45.7253
24.76,-30.7389,-45.7888
24.961,-30.2998,-45.8173
25.3578,-29.4188,-45.8746
25.5534,-28.9767,-45.9035
25.9901,-27.9845,-45.9703
26.1825,-27.5446,-46.0007
26.5595,-26.6605,-46.0619
26.7438,-26.2164,-46.0927
27.1477,-25.2118,-46.1627
27.3222,-24.7631,-46.1941
27.6611,-23.8616,-46.2573
27.8255,-23.4088,-46.289
28.1894,-22.3883,-46.3615
28.347,-21.9336,-46.3941
28.6492,-21.0197,-46.4592
28.7936,-20.5606,-46.4916
29.1014,-19.5227,-46.5644
29.2305,-19.0592,-46.5967
29.4737,-18.1285,-46.6613
29.5876,-17.6613,-46.6936
29.8314,-16.6097,-46.7663
29.9342,-16.1425,-46.7986
30.1213,-15.2042,-46.8633
30.2056,-14.7333,-46.8956
30.3722,-13.6699,-46.9679
30.4358,-13.1959,-46.9998
30.5434,-12.2457,-47.0638
30.5872,-11.7696,-47.0956
30.6684,-10.6985,-47.1682
30.6953,-10.2225,-47.2006
30.7266,-9.26991,-47.2648
30.7308,-8.79353,-47.2966
30.7123,-7.72222,-47.3671
30.6916,-7.24659,-47.398
30.6265,-6.29696,-47.4594
30.5821,-5.82323,-47.4898
30.4625,-4.76167,-47.5587
30.3989,-4.29209,-47.5894
30.2457,-3.35746,-47.6502
30.1561,-2.89268,-47.6802
29.9228,-1.85398,-47.7469
29.8051,-1.39584,-47.7761
29.5438,-0.486849,-47.834
29.4003,-0.0363916,-47.8626
29.0544,0.967304,-47.9282
28.8893,1.40836,-47.9575
28.5322,2.27961,-48.0152
28.3404,2.70948,-48.0437
27.8771,3.66147,-48.1064
27.6573,4.07738,-48.1338
27.1925,4.89509,-48.1875
26.9478,5.29655,-48.214
26.3727,6.18433,-48.2746
26.1057,6.57101,-48.3017
25.5476,7.32643,-48.3551
25.2568,7.69484,-48.3811
24.575,8.50052,-48.4383
24.2601,8.84797,-48.4631
23.6091,9.52256,-48.5121
23.2733,9.84956,-48.5362
22.4979,10.5648,-48.5917
22.1441,10.8725,-48.6164
21.418,11.4656,-48.6643
21.0461,11.7508,-48.6874
20.1889,12.3647,-48.7373
19.7993,12.6252,-48.7585
19.0052,13.1232,-48.7991
18.601,13.3606,-48.8186
17.6754,13.8707,-48.863
17.2572,14.086,-48.8825
16.409,14.4928,-48.9191
15.9794,14.6844,-48.9363
15.0001,15.0867,-48.9723
14.5597,15.2528,-48.9871
13.67,15.5619,-49.0144
13.221,15.7049,-49.027
12.1993,16.0027,-49.0561
11.7407,16.1238,-49.0687
10.8177,16.3429,-49.0914
10.3534,16.4411,-49.1014
9.30301,16.6347,-49.121